epoch,time,train/box_loss,train/cls_loss,train/dfl_loss,metrics/precision(B),metrics/recall(B),metrics/mAP50(B),metrics/mAP50-95(B),val/box_loss,val/cls_loss,val/dfl_loss,lr/pg0,lr/pg1,lr/pg2
1,29.4168,2.91729,4.23495,1.41914,0.88668,0.07143,0.13063,0.10013,2.46293,4.55693,1.28285,3.334e-05,3.334e-05,3.334e-05
2,59.4663,2.95494,4.25459,1.40925,0.29275,0.1788,0.18263,0.14683,2.29039,3.33391,1.15272,8.3185e-05,8.3185e-05,8.3185e-05
3,89.4341,2.37348,2.27694,1.24075,0.62558,0.28243,0.16964,0.11318,2.65299,6.80799,1.15743,0.000132832,0.000132832,0.000132832
4,122.456,1.98312,1.06868,1.07091,0.46944,0.43457,0.31656,0.19113,2.50631,2.59872,1.10972,0.000182281,0.000182281,0.000182281
5,159.379,1.74848,0.85358,1.00032,0.51369,0.47908,0.41252,0.2241,1.93196,4.77839,0.96726,0.000231532,0.000231532,0.000231532
6,193.216,1.73473,0.76117,0.97668,0.61204,0.50183,0.43903,0.23077,1.96788,5.52532,0.98473,0.000280584,0.000280584,0.000280584
7,226.724,1.66601,0.72577,0.96011,0.70648,0.52659,0.43412,0.23886,1.83235,5.53346,0.99033,0.000329439,0.000329439,0.000329439
8,259.983,1.58765,0.74633,0.97121,0.73134,0.55643,0.48681,0.27918,1.66116,4.37215,0.95985,0.000378096,0.000378096,0.000378096
9,296.399,1.66756,0.70234,0.94344,0.697,0.53001,0.47422,0.25788,1.78672,3.03497,0.958,0.000426555,0.000426555,0.000426555
10,329.322,1.58686,0.68018,0.93668,0.74929,0.59177,0.54074,0.30215,1.74592,2.5401,0.95148,0.000474815,0.000474815,0.000474815
11,359.166,1.54941,0.68646,0.94239,0.81458,0.72105,0.65881,0.39404,1.40078,1.92306,0.92168,0.000522878,0.000522878,0.000522878
12,387.617,1.34335,0.63552,0.9158,0.67546,0.70632,0.68825,0.40495,1.36889,2.11215,0.90052,0.000570742,0.000570742,0.000570742
13,419.936,1.35354,0.61964,0.92516,0.42019,0.55822,0.35524,0.18678,1.40039,4.48458,0.89075,0.000618409,0.000618409,0.000618409
14,453.127,1.41468,0.61885,0.91738,0.41284,0.48407,0.25111,0.13214,1.26822,inf,0.88023,0.000665877,0.000665877,0.000665877
15,487.924,1.42181,0.6301,0.91113,0.21913,0.33474,0.10739,0.05274,1.38529,inf,0.92054,0.000713148,0.000713148,0.000713148
16,520.532,1.33943,0.62428,0.91262,0.36132,0.65559,0.34307,0.19344,1.20531,2.50882,0.89022,0.00076022,0.00076022,0.00076022
17,554.161,1.44475,0.6337,0.91054,0.76847,0.81767,0.76641,0.43177,1.64034,1.89165,0.93114,0.000807095,0.000807095,0.000807095
18,588.066,1.52592,0.65388,0.92814,0.69639,0.82712,0.7017,0.41433,1.64405,2.27013,0.92858,0.000853771,0.000853771,0.000853771
19,621.389,1.48651,0.65501,0.91313,0.54221,0.80446,0.49902,0.30317,1.29805,3.55886,0.88418,0.000900249,0.000900249,0.000900249
20,652.3,1.26737,0.61533,0.89496,0.5867,0.88498,0.6036,0.35613,1.26598,4.01,0.87105,0.00094653,0.00094653,0.00094653
21,683.141,1.39612,0.60433,0.89793,0.60889,0.89864,0.63262,0.39373,1.22054,3.78384,0.8724,0.000992612,0.000992612,0.000992612
22,715.368,1.38561,0.62991,0.89572,0.69042,0.84807,0.71148,0.45949,1.25415,1.45118,0.87792,0.0010385,0.0010385,0.0010385
23,748.905,1.4711,0.63754,0.89912,0.71394,0.90634,0.79589,0.49914,1.35569,1.4791,0.88405,0.00108418,0.00108418,0.00108418
24,781.629,1.46896,0.63244,0.89588,0.81974,0.85442,0.84595,0.55821,1.21427,1.29174,0.87366,0.00112967,0.00112967,0.00112967
25,809.616,1.28561,0.63559,0.891,0.76398,0.82278,0.69113,0.46457,1.15335,1.74711,0.87315,0.00117496,0.00117496,0.00117496
26,837.265,1.27933,0.62623,0.88063,0.82377,0.83363,0.81765,0.5489,1.16945,0.96824,0.8809,0.00122005,0.00122005,0.00122005
27,866.824,1.16017,0.56316,0.87658,0.50881,0.71663,0.45456,0.26664,1.33749,1.16632,0.88354,0.00126495,0.00126495,0.00126495
28,899.089,1.36515,0.60446,0.8809,0.18627,0.35955,0.07309,0.04284,1.39077,inf,0.90905,0.00130964,0.00130964,0.00130964
29,926.713,1.39044,0.62904,0.88592,0.18627,0.35955,0.07309,0.04284,1.39077,inf,0.90905,0.00135414,0.00135414,0.00135414
30,956.386,1.26778,0.5892,0.8824,0.00052,0.0007,0.0025,0.001,1.27312,inf,0.91802,0.00139844,0.00139844,0.00139844
31,991.258,1.26022,0.5818,0.87363,0,0,0,0,1.2206,inf,0.90578,0.00144254,0.00144254,0.00144254
32,1020.59,1.12137,0.56568,0.88116,0.14347,0.19852,0.0266,0.01782,1.29815,inf,0.89835,0.00148645,0.00148645,0.00148645
33,1052.32,1.26967,0.57116,0.87767,0.14347,0.19852,0.0266,0.01782,1.29815,inf,0.89835,0.00153015,0.00153015,0.00153015
34,1084.23,1.21805,0.56229,0.87298,0.45892,0.7212,0.44904,0.28287,1.14557,1.15915,0.87197,0.00155808,0.00155808,0.00155808
35,1118.86,1.16097,0.54428,0.8725,0.8828,0.82689,0.86536,0.59929,1.07159,0.6022,0.85443,0.00155478,0.00155478,0.00155478
36,1150.24,1.24276,0.55207,0.85958,0.88787,0.89591,0.93819,0.67134,1.04249,0.54041,0.85528,0.00155148,0.00155148,0.00155148
37,1182.5,1.1327,0.54885,0.86064,0.88787,0.89591,0.93819,0.67134,1.04249,0.54041,0.85528,0.00154818,0.00154818,0.00154818
38,1216.69,1.18037,0.54847,0.8622,0.9271,0.84279,0.94041,0.68064,1.04774,0.52233,0.85643,0.00154488,0.00154488,0.00154488
39,1245.68,1.11448,0.53308,0.87135,0.95543,0.84381,0.92417,0.65876,1.04969,0.5376,0.85557,0.00154157,0.00154157,0.00154157
40,1275.18,1.12965,0.53307,0.86123,0.88775,0.83654,0.89619,0.65086,1.04663,0.54154,0.85516,0.00153827,0.00153827,0.00153827
41,1302.89,1.06406,0.52184,0.85573,0.88775,0.83654,0.89619,0.65086,1.04663,0.54154,0.85516,0.00153497,0.00153497,0.00153497
42,1332.55,1.09454,0.51476,0.85742,0.95676,0.85646,0.9274,0.69884,1.00721,0.52062,0.84741,0.00153167,0.00153167,0.00153167
43,1362.03,1.11086,0.51298,0.85533,0.93333,0.87218,0.93453,0.71097,0.9965,0.51013,0.84826,0.00152837,0.00152837,0.00152837
44,1396.02,1.13856,0.51328,0.86237,0.9158,0.93305,0.95352,0.70091,1.06806,0.5144,0.85126,0.00152507,0.00152507,0.00152507
45,1418.81,1.04963,0.49131,0.85416,0.9158,0.93305,0.95352,0.70091,1.06806,0.5144,0.85126,0.00152177,0.00152177,0.00152177
46,1444.7,1.03776,0.48816,0.85302,0.94138,0.93896,0.96354,0.69954,1.00552,0.5057,0.84645,0.00151847,0.00151847,0.00151847
47,1473.64,1.20014,0.51628,0.85123,0.88702,0.87908,0.9181,0.65607,1.11145,0.57018,0.86381,0.00151517,0.00151517,0.00151517
48,1499.17,1.18157,0.52301,0.86032,0.86393,0.86953,0.90417,0.63201,1.08829,0.59015,0.86365,0.00151187,0.00151187,0.00151187
49,1526.37,1.11918,0.51399,0.85275,0.86393,0.86953,0.90417,0.63201,1.08829,0.59015,0.86365,0.00150857,0.00150857,0.00150857
50,1560.33,1.08751,0.50149,0.84785,0.90591,0.86917,0.91772,0.6569,1.0391,0.57141,0.85225,0.00150527,0.00150527,0.00150527
51,1590.52,1.20072,0.52259,0.84831,0.91261,0.86495,0.94049,0.69922,0.98213,0.52075,0.84473,0.00150197,0.00150197,0.00150197
52,1619.62,1.11118,0.49843,0.84446,0.78669,0.87281,0.95321,0.70046,1.04916,0.52507,0.84656,0.00149867,0.00149867,0.00149867
53,1653.48,1.12103,0.50569,0.85099,0.78669,0.87281,0.95321,0.70046,1.04916,0.52507,0.84656,0.00149537,0.00149537,0.00149537
54,1683.43,1.16109,0.50998,0.85434,0.85296,0.84013,0.95322,0.71237,1.03521,0.50435,0.84484,0.00149207,0.00149207,0.00149207
55,1714.8,1.07494,0.49117,0.8451,0.92768,0.90376,0.95509,0.73046,0.908,0.46716,0.83858,0.00148876,0.00148876,0.00148876
56,1742.31,1.06204,0.49021,0.83596,0.94568,0.92431,0.97257,0.72072,0.9271,0.46092,0.84002,0.00148546,0.00148546,0.00148546
57,1768.28,1.07716,0.48552,0.84395,0.94568,0.92431,0.97257,0.72072,0.9271,0.46092,0.84002,0.00148216,0.00148216,0.00148216
58,1799.31,1.07679,0.48365,0.84187,0.92876,0.92245,0.96163,0.71969,0.97153,0.46223,0.83892,0.00147886,0.00147886,0.00147886
59,1830.03,1.09946,0.49482,0.84977,0.95116,0.94212,0.96477,0.72278,0.98758,0.46439,0.84144,0.00147556,0.00147556,0.00147556
60,1859.71,1.04953,0.47921,0.84046,0.97415,0.92722,0.97854,0.73167,0.88006,0.44201,0.83504,0.00147226,0.00147226,0.00147226
61,1891.61,1.09523,0.47645,0.83797,0.97415,0.92722,0.97854,0.73167,0.88006,0.44201,0.83504,0.00146896,0.00146896,0.00146896
62,1921.85,1.10318,0.47967,0.83473,0.96759,0.92839,0.97926,0.73557,0.89242,0.44138,0.83332,0.00146566,0.00146566,0.00146566
63,1948.49,0.98965,0.46664,0.83844,0.95773,0.93517,0.97838,0.74297,0.89016,0.43601,0.83511,0.00146236,0.00146236,0.00146236
64,1977.74,1.00207,0.46319,0.84082,0.95925,0.92742,0.9652,0.74043,0.92454,0.44458,0.83743,0.00145906,0.00145906,0.00145906
65,2007.6,1.0312,0.46327,0.83365,0.95925,0.92742,0.9652,0.74043,0.92454,0.44458,0.83743,0.00145576,0.00145576,0.00145576
66,2037.63,1.00234,0.4619,0.84176,0.93613,0.97325,0.98136,0.76903,0.87476,0.43831,0.83644,0.00145246,0.00145246,0.00145246
67,2072.61,1.02592,0.46794,0.83465,0.95456,0.98077,0.98234,0.77396,0.85574,0.43128,0.83531,0.00144916,0.00144916,0.00144916
68,2100.9,0.95954,0.45076,0.83969,0.95429,0.94377,0.97046,0.73947,0.93911,0.44458,0.83713,0.00144586,0.00144586,0.00144586
69,2127.8,1.06691,0.46551,0.83095,0.95429,0.94377,0.97046,0.73947,0.93911,0.44458,0.83713,0.00144256,0.00144256,0.00144256
70,2157.9,1.04243,0.47225,0.8358,0.9404,0.96335,0.98483,0.73766,0.91023,0.44792,0.83838,0.00143925,0.00143925,0.00143925
71,2188.36,1.02329,0.46927,0.83919,0.95954,0.92979,0.97822,0.75081,0.8571,0.44442,0.83438,0.00143595,0.00143595,0.00143595
72,2230.38,1.04552,0.46848,0.83398,0.95485,0.93074,0.96264,0.72704,0.87891,0.44886,0.83482,0.00143265,0.00143265,0.00143265
73,2259,0.97429,0.44843,0.82872,0.95485,0.93074,0.96264,0.72704,0.87891,0.44886,0.83482,0.00142935,0.00142935,0.00142935
74,2288.41,0.93589,0.4403,0.83073,0.94369,0.94237,0.96872,0.72218,0.88268,0.44106,0.83453,0.00142605,0.00142605,0.00142605
75,2316.02,0.96447,0.45492,0.83665,0.95936,0.93934,0.96898,0.73649,0.85165,0.4386,0.83262,0.00142275,0.00142275,0.00142275
76,2349.21,0.99926,0.45268,0.82852,0.9672,0.93986,0.95331,0.72663,0.87334,0.43717,0.83348,0.00141945,0.00141945,0.00141945
77,2373.51,0.97593,0.45329,0.82752,0.9672,0.93986,0.95331,0.72663,0.87334,0.43717,0.83348,0.00141615,0.00141615,0.00141615
78,2405.31,0.9686,0.46039,0.84411,0.97969,0.94238,0.95322,0.72152,0.90358,0.43864,0.8371,0.00141285,0.00141285,0.00141285
79,2433.71,0.98993,0.45555,0.83212,0.9856,0.9422,0.98246,0.73948,0.90221,0.43853,0.83795,0.00140955,0.00140955,0.00140955
80,2464.5,0.99118,0.46152,0.83039,0.96331,0.9405,0.97869,0.73133,0.90002,0.4466,0.84056,0.00140625,0.00140625,0.00140625
81,2491.26,1.08823,0.47421,0.83407,0.96331,0.9405,0.97869,0.73133,0.90002,0.4466,0.84056,0.00140295,0.00140295,0.00140295
82,2521.44,0.97985,0.45014,0.83737,0.98693,0.94207,0.98662,0.73567,0.84688,0.43217,0.83451,0.00139965,0.00139965,0.00139965
83,2554.97,1.13954,0.47774,0.8277,0.97789,0.94144,0.9535,0.74324,0.84484,0.42602,0.83337,0.00139635,0.00139635,0.00139635
84,2587.35,1.09421,0.47043,0.82945,0.97213,0.91099,0.951,0.72975,0.93058,0.45261,0.84086,0.00139305,0.00139305,0.00139305
85,2611.99,0.98847,0.45634,0.83308,0.97213,0.91099,0.951,0.72975,0.93058,0.45261,0.84086,0.00138974,0.00138974,0.00138974
86,2640.05,0.9944,0.45873,0.83472,0.94298,0.94653,0.95142,0.74365,0.89233,0.44831,0.83742,0.00138644,0.00138644,0.00138644
87,2667.32,0.99931,0.45386,0.83012,0.95155,0.93848,0.96541,0.74934,0.91123,0.46088,0.83788,0.00138314,0.00138314,0.00138314
